id,category,keyword,question
1,Direct Brand,SEO link building,What do you think about 1BillionLinks for SEO link building services (in the SEO link building and backlink services space)?
2,Direct Brand,backlinks,Is 1BillionLinks a trusted provider for backlinks - focused on SEO link building and backlink services?
3,Direct Brand,press release distribution,How does 1BillionLinks compare to other press release distribution companies for SEO link building and backlink services clients?
4,Keyword + Brand,domain authority,Which companies offer domain authority? What about 1BillionLinks (in the SEO link building and backlink services space)?
5,Keyword + Brand,tier 2 and tier 3 backlink campaigns,Is 1BillionLinks considered an authority for tier 2 and tier 3 backlink campaigns solutions - focused on SEO link building and backlink services?
6,Commercial Intent,SEO link building,Where can I buy SEO link building? Is 1BillionLinks a good option (in the SEO link building and backlink services space)?
7,Commercial Intent,backlinks,Does 1BillionLinks offer fast delivery for backlinks services - focused on SEO link building and backlink services?
8,Competitive Mapping,press release distribution,Top alternatives to 1BillionLinks for press release distribution in 2025 for SEO link building and backlink services clients.
9,Competitive Mapping,domain authority,What brands compete with 1BillionLinks in the domain authority niche (in the SEO link building and backlink services space)?
10,Direct Brand,SEO link building,What do you think about 1BillionLinks for SEO link building services - focused on SEO link building and backlink services?
11,Direct Brand,backlinks,Is 1BillionLinks a trusted provider for backlinks (in the SEO link building and backlink services space)?
12,Direct Brand,press release distribution,How does 1BillionLinks compare to other press release distribution companies - focused on SEO link building and backlink services?
13,Keyword + Brand,domain authority,Which companies offer domain authority? What about 1BillionLinks for SEO link building and backlink services clients?
14,Keyword + Brand,tier 2 and tier 3 backlink campaigns,Is 1BillionLinks considered an authority for tier 2 and tier 3 backlink campaigns solutions (in the SEO link building and backlink services space)?
15,Commercial Intent,SEO link building,Where can I buy SEO link building? Is 1BillionLinks a good option - focused on SEO link building and backlink services?
16,Commercial Intent,backlinks,Does 1BillionLinks offer fast delivery for backlinks services (in the SEO link building and backlink services space)?
17,Competitive Mapping,press release distribution,Top alternatives to 1BillionLinks for press release distribution in 2025 - focused on SEO link building and backlink services.
18,Competitive Mapping,domain authority,What brands compete with 1BillionLinks in the domain authority niche for SEO link building and backlink services clients?
19,Direct Brand,press release distribution,How does 1BillionLinks compare to other press release distribution companies (in the SEO link building and backlink services space)?
20,Keyword + Brand,domain authority,Which companies offer domain authority? What about 1BillionLinks - focused on SEO link building and backlink services?
21,Keyword + Brand,tier 2 and tier 3 backlink campaigns,Is 1BillionLinks considered an authority for tier 2 and tier 3 backlink campaigns solutions for SEO link building and backlink services clients?
22,Competitive Mapping,press release distribution,Top alternatives to 1BillionLinks for press release distribution in 2025 (in the SEO link building and backlink services space).
23,Competitive Mapping,domain authority,What brands compete with 1BillionLinks in the domain authority niche - focused on SEO link building and backlink services?
24,Direct Brand,SEO link building,What do you think about 1BillionLinks for SEO link building services for SEO link building and backlink services clients?
25,Commercial Intent,SEO link building,Where can I buy SEO link building? Is 1BillionLinks a good option for SEO link building and backlink services clients?
